{
  "naive": {
    "acc": [
      0.714074074074074,
      0.024479465637148375
    ],
    "forget": [
      0.16324074074074074,
      0.01347884582102797
    ],
    "residualD": null
  },
  "ewc": {
    "acc": [
      0.727111111111111,
      0.049603073558220086
    ],
    "forget": [
      0.04481481481481482,
      0.0390035237987407
    ],
    "residualD": null
  },
  "ogd": {
    "acc": [
      0.6839259259259259,
      0.03501341595779525
    ],
    "forget": [
      -0.006851851851851848,
      0.004113252007700425
    ],
    "residualD": null
  },
  "replay": {
    "acc": [
      0.7954814814814815,
      0.012164555994040923
    ],
    "forget": [
      0.042222222222222223,
      0.014252201190922227
    ],
    "residualD": null
  },
  "igfa": {
    "acc": [
      0.7712592592592593,
      0.029783111685006875
    ],
    "forget": [
      0.002129629629629626,
      0.0266624974230226
    ],
    "residualD": null
  },
  "annealed": {
    "acc": [
      0.7520740740740741,
      0.03589622560556111
    ],
    "forget": [
      -0.007037037037037047,
      0.014516387287360252
    ],
    "residualD": null
  },
  "isotropic": {
    "acc": [
      0.729851851851852,
      0.02244126741139224
    ],
    "forget": [
      0.17711111111111116,
      0.020396919539944235
    ],
    "residualD": 0.2001860885250694
  },
  "tsv": {
    "acc": [
      0.6941481481481482,
      0.04561979412017273
    ],
    "forget": [
      0.21281481481481485,
      0.05077992439180839
    ],
    "residualD": 0.38200510125869913
  },
  "tsv_white": {
    "acc": [
      0.8853333333333333,
      0.012308008866730663
    ],
    "forget": [
      0.02162962962962962,
      0.006589232010246282
    ],
    "residualD": 0.032244111333951594
  }
}