{
 "pythia-410m": {
  "classifier_ce": 0.004828771110624075,
  "classifier_acc": 1.0,
  "ce_90pct": -0.0,
  "seed_baseline_kl": 0.028169396590060135,
  "seed_baseline_per_domain": [
   0.032610521072477805,
   0.026583896377893882,
   0.028214727330395557,
   0.025268441579473302
  ]
 },
 "pythia-1b": {
  "classifier_ce": 0.2169818878173828,
  "classifier_acc": 0.9583333134651184,
  "ce_90pct": 0.0002593994140625,
  "seed_baseline_kl": 0.019718869581935913,
  "seed_baseline_per_domain": [
   0.021358980437902016,
   0.01755119684174305,
   0.022994688646061214,
   0.01697061240203737
  ]
 }
}