{
 "P1-gpt2/naive": {
  "0": {
   "final": 4.007540504137674,
   "forget": 0.3286063406202529
  },
  "1": {
   "final": 4.0018017292022705,
   "forget": 0.3279693656497531
  },
  "2": {
   "final": 3.9891685446103415,
   "forget": 0.30984028180440265
  },
  "3": {
   "final": 3.998781204223633,
   "forget": 0.3243114418453641
  },
  "4": {
   "final": 4.005199472109476,
   "forget": 0.33053077591790087
  }
 },
 "P1-gpt2/protect-all": {
  "0": {
   "final": 3.9812935789426165,
   "forget": 0.297912491692437
  },
  "1": {
   "final": 3.988495071729024,
   "forget": 0.300120539135403
  },
  "2": {
   "final": 3.986119071642557,
   "forget": 0.30419837103949643
  },
  "3": {
   "final": 3.9851119716962176,
   "forget": 0.30550127559238005
  },
  "4": {
   "final": 3.9807874759038286,
   "forget": 0.2935150994194878
  }
 },
 "P1-gpt2/func-sign": {
  "0": {
   "final": 3.9817968606948853,
   "forget": 0.29600222905476886
  },
  "1": {
   "final": 3.9766241312026978,
   "forget": 0.289590385225084
  },
  "2": {
   "final": 3.978984852631887,
   "forget": 0.29104699028862857
  },
  "3": {
   "final": 3.9830980499585475,
   "forget": 0.2923583454555936
  },
  "4": {
   "final": 3.98198139667511,
   "forget": 0.3021737469567192
  }
 },
 "P1-gpt2/func-sign-adam": {
  "0": {
   "final": 3.9803371628125506,
   "forget": 0.29361605644226074
  },
  "1": {
   "final": 3.982248544692993,
   "forget": 0.302632040447659
  },
  "2": {
   "final": 3.9753466049830117,
   "forget": 0.28839233186509866
  },
  "3": {
   "final": 3.984353880087535,
   "forget": 0.2991355525122749
  },
  "4": {
   "final": 3.9914533495903015,
   "forget": 0.316120809978909
  }
 }
}