{
 "P2-pythia-410m/naive": {
  "0": {
   "final": 3.6174569527308145,
   "forget": 0.316892147064209
  },
  "1": {
   "final": 3.6189099152882895,
   "forget": 0.3153670363956029
  },
  "2": {
   "final": 3.623608688513438,
   "forget": 0.3192141850789388
  }
 },
 "P2-pythia-410m/protect-all": {
  "0": {
   "final": 3.6122518380482997,
   "forget": 0.3130280706617568
  },
  "1": {
   "final": 3.6203384200731916,
   "forget": 0.3229845099978978
  },
  "2": {
   "final": 3.62117596467336,
   "forget": 0.32505022154914015
  }
 },
 "P2-pythia-410m/func-sign-adam": {
  "0": {
   "final": 3.6145017345746355,
   "forget": 0.30016936196221256
  },
  "1": {
   "final": 3.600967506567637,
   "forget": 0.30154795116848404
  },
  "2": {
   "final": 3.5923545360565186,
   "forget": 0.2851682239108615
  }
 },
 "P2-pythia-410m/func-active": {
  "0": {
   "final": 3.5321394006411237,
   "forget": 0.19511098331875276
  },
  "1": {
   "final": 3.54692679643631,
   "forget": 0.21584513452317985
  },
  "2": {
   "final": 3.5401048461596174,
   "forget": 0.21303386158413362
  }
 }
}