{
 "P2-pythia-410m/naive": {
  "0": {
   "final": 3.5370547771453857,
   "forget": 0.0028068224589029946
  },
  "1": {
   "final": 3.53730567296346,
   "forget": 0.0039061440361870168
  },
  "2": {
   "final": 3.537523090839386,
   "forget": 0.003272533416748047
  }
 },
 "P2-pythia-410m/protect-all": {
  "0": {
   "final": 3.545367459456126,
   "forget": -0.0012234052022296698
  },
  "1": {
   "final": 3.5457835396130877,
   "forget": -4.651811387808754e-05
  },
  "2": {
   "final": 3.5467778841654463,
   "forget": -0.0002463128831651969
  }
 },
 "P2-pythia-410m/func-sign-adam": {
  "0": {
   "final": 3.536485393842061,
   "forget": 0.0017485883500839943
  },
  "1": {
   "final": 3.5354838371276855,
   "forget": 0.001303460862901377
  },
  "2": {
   "final": 3.536941548188527,
   "forget": 0.0020127031538221076
  }
 }
}