{
 "P2-pythia-410m/naive": {
  "0": {
   "final": 3.6231715877850847,
   "forget": 0.3190273443857829
  },
  "1": {
   "final": 3.624980847040812,
   "forget": 0.3188066217634414
  },
  "2": {
   "final": 3.624824682871501,
   "forget": 0.3255087534586589
  }
 },
 "P2-pythia-410m/protect-all": {
  "0": {
   "final": 3.611488461494446,
   "forget": 0.3133588631947835
  },
  "1": {
   "final": 3.6114096641540527,
   "forget": 0.3096940517425537
  },
  "2": {
   "final": 3.624685247739156,
   "forget": 0.32573432392544205
  }
 },
 "P2-pythia-410m/func-sign-adam": {
  "0": {
   "final": 3.608213047186534,
   "forget": 0.29306372006734227
  },
  "1": {
   "final": 3.604608952999115,
   "forget": 0.30369326803419333
  },
  "2": {
   "final": 3.602711220582326,
   "forget": 0.2937751346164279
  }
 }
}