{
 "naive": {
  "0": {
   "final": 4.007230997085571,
   "forget": 0.3340288268195259,
   "align": []
  },
  "1": {
   "final": 3.994184195995331,
   "forget": 0.3098871443006728,
   "align": []
  },
  "2": {
   "final": 4.00872669617335,
   "forget": 0.33926436636183005,
   "align": []
  }
 },
 "protect-all": {
  "0": {
   "final": 3.9836401740709944,
   "forget": 0.29424836900499135,
   "align": []
  },
  "1": {
   "final": 4.001726885636648,
   "forget": 0.3174926175011528,
   "align": []
  },
  "2": {
   "final": 3.9932759404182434,
   "forget": 0.3122699790530734,
   "align": []
  }
 },
 "input-gate": {
  "0": {
   "final": 3.996184766292572,
   "forget": 0.31735544734530974,
   "align": []
  },
  "1": {
   "final": 4.000303149223328,
   "forget": 0.32446771197848845,
   "align": []
  },
  "2": {
   "final": 3.996110836664836,
   "forget": 0.31810983022054035,
   "align": []
  }
 },
 "func-sign": {
  "0": {
   "final": 3.9745935400327053,
   "forget": 0.2852486769358317,
   "align": [
    [
     1,
     0,
     0.4665260351020941
    ],
    [
     1,
     0,
     0.01864153281487298
    ],
    [
     1,
     0,
     0.003562083242504748
    ],
    [
     1,
     0,
     -0.08164125675363437
    ],
    [
     1,
     0,
     -0.06170150420542942
    ],
    [
     2,
     0,
     0.17658057367427282
    ],
    [
     2,
     0,
     -0.020553972125348055
    ],
    [
     2,
     0,
     0.042616370374365144
    ],
    [
     2,
     1,
     -0.09427016506804221
    ],
    [
     2,
     0,
     -0.01620875644687093
    ],
    [
     3,
     2,
     0.15101013093878446
    ],
    [
     3,
     2,
     -0.0226826914742367
    ],
    [
     3,
     2,
     -0.14364614734550896
    ],
    [
     3,
     1,
     -0.08298824471936053
    ],
    [
     3,
     0,
     8.003054415615223e-05
    ]
   ]
  },
  "1": {
   "final": 3.9770694375038147,
   "forget": 0.29085940784878206,
   "align": [
    [
     1,
     0,
     0.22013941920729266
    ],
    [
     1,
     0,
     -0.0023885870513880485
    ],
    [
     1,
     0,
     0.008196158042736514
    ],
    [
     1,
     0,
     -0.09021264187224626
    ],
    [
     1,
     0,
     -0.049710860858146765
    ],
    [
     2,
     1,
     0.08096653454821587
    ],
    [
     2,
     1,
     0.001495646525149351
    ],
    [
     2,
     1,
     -0.10433695272022322
    ],
    [
     2,
     0,
     0.04359233548335513
    ],
    [
     2,
     0,
     -0.08921617863187953
    ],
    [
     3,
     1,
     0.34640339999028574
    ],
    [
     3,
     2,
     -0.047436744366596284
    ],
    [
     3,
     0,
     -0.00010735227934848918
    ],
    [
     3,
     1,
     -0.07857865131891771
    ],
    [
     3,
     0,
     -0.06758244442184769
    ]
   ]
  },
  "2": {
   "final": 3.9756695230801897,
   "forget": 0.2795604070027671,
   "align": [
    [
     1,
     0,
     0.5103786676383625
    ],
    [
     1,
     0,
     0.12635246539126385
    ],
    [
     1,
     0,
     -0.024541274643374834
    ],
    [
     1,
     0,
     0.0535270432819255
    ],
    [
     1,
     0,
     -0.007032526030873825
    ],
    [
     2,
     0,
     0.17997957191414551
    ],
    [
     2,
     0,
     0.006232523227497501
    ],
    [
     2,
     0,
     -0.0868793233570013
    ],
    [
     2,
     0,
     -0.04427635965709122
    ],
    [
     2,
     0,
     -0.042808601495702314
    ],
    [
     3,
     0,
     0.4155215120088037
    ],
    [
     3,
     2,
     -0.1253773161126538
    ],
    [
     3,
     0,
     -0.11721742224129994
    ],
    [
     3,
     0,
     -0.023939842695029228
    ],
    [
     3,
     2,
     0.0653554090771618
    ]
   ]
  }
 }
}