{
  "model": "EleutherAI/pythia-410m",
  "device": "cuda:0",
  "layer": 16,
  "rank": 64,
  "head_rank": 16,
  "seq": 128,
  "steps": 200,
  "batch_size": 8,
  "random_baseline_rank_over_d": 0.0625,
  "overlap_J_vs_Sigma": {
    "principal_cosines": [
      0.6944705843925476,
      0.6655821800231934,
      0.6331050992012024,
      0.6131213903427124,
      0.5804635286331177,
      0.5668734908103943,
      0.5548088550567627,
      0.5516099333763123,
      0.5235755443572998,
      0.5091485977172852,
      0.4896046817302704,
      0.48785993456840515,
      0.4596409201622009,
      0.44148144125938416,
      0.4407700300216675,
      0.43030986189842224,
      0.41997599601745605,
      0.4186229109764099,
      0.4143674969673157,
      0.4007602035999298,
      0.3944191038608551,
      0.37987756729125977,
      0.377806156873703,
      0.37264469265937805,
      0.3561985194683075,
      0.33763056993484497,
      0.32857587933540344,
      0.32650014758110046,
      0.31707197427749634,
      0.303611159324646,
      0.29805701971054077,
      0.28673088550567627,
      0.2784020006656647,
      0.27307823300361633,
      0.26378971338272095,
      0.2509179711341858,
      0.24514363706111908,
      0.23449751734733582,
      0.22673754394054413,
      0.22079868614673615,
      0.20072883367538452,
      0.1958245038986206,
      0.19239260256290436,
      0.17385262250900269,
      0.16720058023929596,
      0.1580420583486557,
      0.15330728888511658,
      0.14871376752853394,
      0.14116092026233673,
      0.1335395723581314,
      0.11954376101493835,
      0.11891064047813416,
      0.09731923043727875,
      0.08752554655075073,
      0.08324488997459412,
      0.07191809266805649,
      0.06860999763011932,
      0.05677655339241028,
      0.046577248722314835,
      0.033463094383478165,
      0.0276941005140543,
      0.02359236590564251,
      0.0073839835822582245,
      0.0011428900761529803
    ],
    "mean_squared_overlap": 0.120406873524189,
    "max_cosine": 0.6944705843925476,
    "min_cosine": 0.0011428900761529803
  },
  "H1": {
    "grad_energy_full": 2.3505095896325656e-06,
    "grad_energy_J": 2.1861184033393025e-07,
    "grad_energy_orth": 1.8563791475874798e-06,
    "grad_energy_frac_J": 0.09300614696411594,
    "grad_energy_frac_orth": 0.7897773128752353,
    "kl_full": 0.23050880682437125,
    "kl_J": 0.03376922926564855,
    "kl_orth": 0.18263200074043173,
    "kl_frac_J": 0.14649865109656277,
    "kl_frac_orth": 0.7922994494504598
  },
  "H2": {
    "naive": 0.12598967552185059,
    "protect-Jspace": 0.12754690647125244,
    "protect-Sigma": 0.11883294582366943,
    "protect-random": 0.13028323650360107
  },
  "notes": {
    "H1_grad_definition": "Gradient-space interference energy on A using g = d CE_A / d h_l and the later-task-induced hidden change \u0394h, reported for full / J-projected / J-orthogonal components as E[(g\u00b7\u0394h)^2].",
    "H1_KL_definition": "Actual KL on A between baseline and perturbed predictive distributions, reported for full / J-projected / J-orthogonal components.",
    "Sigma_definition": "Top-r eigenspace of empirical Fisher / Gauss-Newton geometry E[g g^T] at the hooked layer on A."
  }
}