{
 "naive": {
  "final": [
   3.7795140425364178,
   3.778234521547953,
   3.7860395868619285
  ],
  "forget": [
   0.05746873219807943,
   0.060949579874674566,
   0.05795453389485683
  ]
 },
 "protect-all": {
  "final": [
   3.789232583840688,
   3.7888534426689144,
   3.792837675412496
  ],
  "forget": [
   0.05511421627468538,
   0.05974251429239915,
   0.05707687801784944
  ]
 },
 "input-gate": {
  "final": [
   3.785768202940623,
   3.7782882054646807,
   3.788503281275431
  ],
  "forget": [
   0.06159231397840722,
   0.059728834364149254,
   0.06028704113430446
  ]
 },
 "probe-gate": {
  "final": [
   3.7810171643892927,
   3.7954386989275615,
   3.788509221871694
  ],
  "forget": [
   0.054141574435763985,
   0.05191703372531483,
   0.05497534010145403
  ]
 }
}