{
  "breakdown_lrs": [
    0.02,
    0.05,
    0.1,
    0.2,
    0.4
  ],
  "breakdown_corr_depth1": [
    0.9341063409476382,
    0.9300789061600261,
    0.9464382826804983,
    0.9548104713163935,
    0.6331746588004976
  ],
  "breakdown_corr_depth3": [
    0.220339731782632,
    0.6693065309818088,
    0.39842274789629345,
    0.351311162222669,
    0.6536942711304258
  ],
  "breakdown_relerr_depth3": [
    0.9600486093963327,
    0.9588734873259518,
    0.9538180266373084,
    0.9454953858956805,
    0.889219929905312
  ],
  "breakdown_fix_r_init": {
    "1": 0.7455600369621846,
    "2": 0.7426605840718706,
    "3": 0.8328626596452766
  },
  "breakdown_fix_r_avg": {
    "1": 0.9999999999999999,
    "2": 0.9999999999999999,
    "3": 1.0
  },
  "benchmark": {
    "naive": {
      "avg_acc": 0.9559290149198405,
      "forgetting": 0.04357798165137616
    },
    "ewc": {
      "avg_acc": 0.9797482469959533,
      "forgetting": 0.004608006672226828
    },
    "ogd": {
      "avg_acc": 0.9907407407407408,
      "forgetting": -0.0022727272727272596
    },
    "replay": {
      "avg_acc": 0.979782225929015,
      "forgetting": 0.013761467889908258
    },
    "igfa": {
      "avg_acc": 0.9907407407407408,
      "forgetting": -0.0022727272727272596
    }
  },
  "rot_mean_subspace_sim": 0.678477477698229,
  "benchmark2": {
    "naive": {
      "avg_acc": 0.7514814814814814,
      "forgetting": 0.11805555555555558
    },
    "ewc": {
      "avg_acc": 0.7248148148148148,
      "forgetting": 0.03148148148148147
    },
    "ogd": {
      "avg_acc": 0.6799999999999999,
      "forgetting": -0.004166666666666624
    },
    "replay": {
      "avg_acc": 0.8144444444444445,
      "forgetting": 0.018518518518518517
    },
    "igfa": {
      "avg_acc": 0.7955555555555556,
      "forgetting": 0.008333333333333304
    }
  },
  "diagnostics_corr": 0.9994757827406919,
  "diagnostics_eff_rank": 2.1552504083162547
}