{
  "dynamic_fixed_s": 0.6499999999999999,
  "dynamic_vs_oracle_maxgap": 0.05160668995002249,
  "fixed_vs_oracle_maxgap": 0.3433048295069442,
  "dynamic_beats_fixed": true,
  "multiclass_b_emp": [
    0.7213475204444818,
    0.7213475203835457,
    0.7213475203379561,
    0.7213475203581535,
    0.7213475203286713,
    0.7213475202768463,
    0.7213475202155307,
    0.7213475202134653,
    0.7213475201219693
  ],
  "multiclass_b_form": 0.7213475204444817,
  "multiclass_a_emp": [
    1.0406844905028045,
    0.5523570846670912,
    0.39041748004764504,
    0.3092386136545273,
    0.26145728773040267,
    0.22893857740820062,
    0.20465910519828603,
    0.18812671308538936,
    0.17741014142947598
  ],
  "multiclass_a_form": [
    1.0406844905028039,
    0.5523569664601488,
    0.3902566839385515,
    0.3088456807233577,
    0.2595728928911882,
    0.22636414824889503,
    0.20235531759776748,
    0.18411898882004954,
    0.1697505273104525
  ],
  "multiclass_b_match_maxerr": 3.22512350159343e-10,
  "multiclass_a_match_maxerr": 0.007659614119023467
}