{
 "SplitCIFAR100": {
  "naive": {
   "acc": [
    0.9408999999999998,
    0.9487,
    0.9452,
    0.9335000000000001,
    0.9555999999999999
   ],
   "forget": [
    0.006666666666666648,
    0.008444444444444428,
    0.007555555555555538,
    0.016777777777777742,
    0.004111111111111115
   ]
  },
  "ogd": {
   "acc": [
    0.9292,
    0.9350999999999999,
    0.9314,
    0.9292999999999999,
    0.9404
   ],
   "forget": [
    0.00011111111111109888,
    -0.0006666666666666549,
    0.0010000000000000009,
    0.003555555555555571,
    0.00011111111111109888
   ]
  },
  "igfa": {
   "acc": [
    0.9292,
    0.9350999999999999,
    0.9314,
    0.9292999999999999,
    0.9404
   ],
   "forget": [
    0.00011111111111109888,
    -0.0006666666666666549,
    0.0010000000000000009,
    0.003555555555555571,
    0.00011111111111109888
   ]
  },
  "func-sign": {
   "acc": [
    0.9408999999999998,
    0.9487,
    0.9452,
    0.9335000000000001,
    0.9555999999999999
   ],
   "forget": [
    0.006666666666666648,
    0.008444444444444428,
    0.007555555555555538,
    0.016777777777777742,
    0.004111111111111115
   ]
  }
 },
 "ImageNetR": {
  "naive": {
   "acc": [
    0.8007154404809611,
    0.7969590371472595,
    0.788288543966911,
    0.800851344456506,
    0.789894982225638
   ],
   "forget": [
    0.012378626255098632,
    0.011969927119358799,
    0.01927069435493039,
    0.005052245305490779,
    0.020806865286237295
   ]
  },
  "ogd": {
   "acc": [
    0.7863399192980577,
    0.7754616923186781,
    0.7787409604119064,
    0.7813484082843394,
    0.7813635291301799
   ],
   "forget": [
    0.0006798457124093105,
    0.003628329355477177,
    -0.0018819766316094328,
    -0.0010701850968243029,
    -0.0015346110329925722
   ]
  },
  "igfa": {
   "acc": [
    0.7920101471553059,
    0.7852215097959239,
    0.7845033718363111,
    0.7876802096272428,
    0.790558592153019
   ],
   "forget": [
    0.0011623487095481098,
    0.0031547201882590192,
    -0.0006753732819870425,
    -0.002219391446030647,
    -0.0007825899764029895
   ]
  },
  "func-sign": {
   "acc": [
    0.8007154404809611,
    0.7969590371472595,
    0.788288543966911,
    0.800851344456506,
    0.789894982225638
   ],
   "forget": [
    0.012378626255098632,
    0.011969927119358799,
    0.01927069435493039,
    0.005052245305490779,
    0.020806865286237295
   ]
  }
 },
 "CUB": {
  "naive": {
   "acc": [
    0.9460267560477267,
    0.9466666236974373,
    0.9312982706959299,
    0.9374298256121817,
    0.935833326027903
   ],
   "forget": [
    0.0063310886746948715,
    0.007222055680755241,
    0.018029807166993404,
    0.007869239281691266,
    0.011235942346545631
   ]
  },
  "ogd": {
   "acc": [
    0.9202623897950719,
    0.9197040127868101,
    0.9144202470029542,
    0.9091933959990619,
    0.9176009404171139
   ],
   "forget": [
    -0.004848627059998815,
    -0.0034479371952597956,
    -0.006459810910773103,
    -0.002388602634669199,
    -0.002710894683796286
   ]
  },
  "igfa": {
   "acc": [
    0.9202623897950719,
    0.9197040127868101,
    0.9144202470029542,
    0.9091933959990619,
    0.9176009404171139
   ],
   "forget": [
    -0.004848627059998815,
    -0.0034479371952597956,
    -0.006459810910773103,
    -0.002388602634669199,
    -0.002710894683796286
   ]
  },
  "func-sign": {
   "acc": [
    0.9460267560477267,
    0.9466666236974373,
    0.9312982706959299,
    0.9374298256121817,
    0.935833326027903
   ],
   "forget": [
    0.0063310886746948715,
    0.007222055680755241,
    0.018029807166993404,
    0.007869239281691266,
    0.011235942346545631
   ]
  }
 },
 "C100-Superclass": {
  "naive": {
   "acc": [
    0.7402,
    0.7361000000000001,
    0.7419,
    0.7434000000000001,
    0.7497
   ],
   "forget": [
    0.24025,
    0.242125,
    0.239875,
    0.234,
    0.22725
   ]
  },
  "ogd": {
   "acc": [
    0.7922,
    0.7948999999999999,
    0.7724,
    0.7877000000000001,
    0.7853
   ],
   "forget": [
    0.163375,
    0.15425000000000003,
    0.18737499999999999,
    0.164625,
    0.16875
   ]
  },
  "igfa": {
   "acc": [
    0.7891999999999999,
    0.7948999999999999,
    0.7724,
    0.7877000000000001,
    0.7853
   ],
   "forget": [
    0.168625,
    0.15425000000000003,
    0.18737499999999999,
    0.164625,
    0.16875
   ]
  },
  "func-sign": {
   "acc": [
    0.7474000000000001,
    0.7409000000000001,
    0.7484,
    0.7535000000000001,
    0.7595
   ],
   "forget": [
    0.23125,
    0.23412500000000003,
    0.232125,
    0.22099999999999997,
    0.21500000000000005
   ]
  }
 }
}