{
 "SplitCIFAR100": {
  "naive": {
   "acc": [
    0.9372,
    0.9493,
    0.9474,
    0.9334999999999999,
    0.9536
   ],
   "forget": [
    0.012111111111111109,
    0.005666666666666647,
    0.0047777777777777575,
    0.015777777777777755,
    0.006888888888888895
   ]
  },
  "ogd": {
   "acc": [
    0.9268000000000001,
    0.9346000000000002,
    0.9321999999999999,
    0.9307000000000001,
    0.9409000000000001
   ],
   "forget": [
    0.003777777777777769,
    0.00011111111111111121,
    -0.00022222222222222242,
    0.0012222222222222356,
    0.0005555555555555437
   ]
  },
  "igfa": {
   "acc": [
    0.9268000000000001,
    0.9346000000000002,
    0.9321999999999999,
    0.9307000000000001,
    0.9409000000000001
   ],
   "forget": [
    0.003777777777777769,
    0.00011111111111111121,
    -0.00022222222222222242,
    0.0012222222222222356,
    0.0005555555555555437
   ]
  },
  "func-sign": {
   "acc": [
    0.9372,
    0.9493,
    0.9474,
    0.9334999999999999,
    0.9536
   ],
   "forget": [
    0.012111111111111109,
    0.005666666666666647,
    0.0047777777777777575,
    0.015777777777777755,
    0.006888888888888895
   ]
  },
  "func-active": {
   "acc": [
    0.9372,
    0.9493,
    0.9474,
    0.9334999999999999,
    0.9536
   ],
   "forget": [
    0.012111111111111109,
    0.005666666666666647,
    0.0047777777777777575,
    0.015777777777777755,
    0.006888888888888895
   ]
  }
 },
 "ImageNetR": {
  "naive": {
   "acc": [
    0.8007154404809611,
    0.7969590371472595,
    0.788288543966911,
    0.800851344456506,
    0.789894982225638
   ],
   "forget": [
    0.012378626255098632,
    0.011969927119358799,
    0.01927069435493039,
    0.005052245305490779,
    0.020806865286237295
   ]
  },
  "ogd": {
   "acc": [
    0.7863399192980577,
    0.7754616923186781,
    0.7787409604119064,
    0.7813484082843394,
    0.7813635291301799
   ],
   "forget": [
    0.0006798457124093105,
    0.003628329355477177,
    -0.0018819766316094328,
    -0.0010701850968243029,
    -0.0015346110329925722
   ]
  },
  "igfa": {
   "acc": [
    0.7920101471553059,
    0.7852215097959239,
    0.7845033718363111,
    0.7876802096272428,
    0.790558592153019
   ],
   "forget": [
    0.0011623487095481098,
    0.0031547201882590192,
    -0.0006753732819870425,
    -0.002219391446030647,
    -0.0007825899764029895
   ]
  },
  "func-sign": {
   "acc": [
    0.8007154404809611,
    0.7969590371472595,
    0.788288543966911,
    0.800851344456506,
    0.789894982225638
   ],
   "forget": [
    0.012378626255098632,
    0.011969927119358799,
    0.01927069435493039,
    0.005052245305490779,
    0.020806865286237295
   ]
  },
  "func-active": {
   "acc": [
    0.8007154404809611,
    0.7969590371472595,
    0.788288543966911,
    0.800851344456506,
    0.789894982225638
   ],
   "forget": [
    0.012378626255098632,
    0.011969927119358799,
    0.01927069435493039,
    0.005052245305490779,
    0.020806865286237295
   ]
  }
 },
 "CUB": {
  "naive": {
   "acc": [
    0.9460267560477267,
    0.9466666236974373,
    0.9312982706959299,
    0.9374298256121817,
    0.935833326027903
   ],
   "forget": [
    0.0063310886746948715,
    0.007222055680755241,
    0.018029807166993404,
    0.007869239281691266,
    0.011235942346545631
   ]
  },
  "ogd": {
   "acc": [
    0.9202623897950719,
    0.9197040127868101,
    0.9144202470029542,
    0.9091933959990619,
    0.9176009404171139
   ],
   "forget": [
    -0.004848627059998815,
    -0.0034479371952597956,
    -0.006459810910773103,
    -0.002388602634669199,
    -0.002710894683796286
   ]
  },
  "igfa": {
   "acc": [
    0.9202623897950719,
    0.9197040127868101,
    0.9144202470029542,
    0.9091933959990619,
    0.9176009404171139
   ],
   "forget": [
    -0.004848627059998815,
    -0.0034479371952597956,
    -0.006459810910773103,
    -0.002388602634669199,
    -0.002710894683796286
   ]
  },
  "func-sign": {
   "acc": [
    0.9460267560477267,
    0.9466666236974373,
    0.9312982706959299,
    0.9374298256121817,
    0.935833326027903
   ],
   "forget": [
    0.0063310886746948715,
    0.007222055680755241,
    0.018029807166993404,
    0.007869239281691266,
    0.011235942346545631
   ]
  },
  "func-active": {
   "acc": [
    0.9460267560477267,
    0.9466666236974373,
    0.9312982706959299,
    0.9374298256121817,
    0.935833326027903
   ],
   "forget": [
    0.0063310886746948715,
    0.007222055680755241,
    0.018029807166993404,
    0.007869239281691266,
    0.011235942346545631
   ]
  }
 },
 "C100-Superclass": {
  "naive": {
   "acc": [
    0.7332000000000001,
    0.7449000000000001,
    0.7418,
    0.7464999999999999,
    0.7516
   ],
   "forget": [
    0.24875,
    0.23237499999999997,
    0.23900000000000002,
    0.23037499999999997,
    0.221
   ]
  },
  "ogd": {
   "acc": [
    0.792,
    0.7991,
    0.7831,
    0.782,
    0.7853
   ],
   "forget": [
    0.16525,
    0.15087500000000004,
    0.17287500000000003,
    0.16987500000000003,
    0.16762500000000002
   ]
  },
  "igfa": {
   "acc": [
    0.7893000000000001,
    0.7991,
    0.7831,
    0.782,
    0.7853
   ],
   "forget": [
    0.17037500000000003,
    0.15087500000000004,
    0.17287500000000003,
    0.16987500000000003,
    0.16762500000000002
   ]
  },
  "func-sign": {
   "acc": [
    0.7419,
    0.7557,
    0.7494,
    0.7542,
    0.7592
   ],
   "forget": [
    0.23825000000000005,
    0.220375,
    0.22950000000000004,
    0.22075,
    0.21100000000000002
   ]
  },
  "func-active": {
   "acc": [
    0.7569000000000001,
    0.7713,
    0.7642,
    0.7674000000000001,
    0.7740000000000001
   ],
   "forget": [
    0.21875,
    0.19887500000000002,
    0.21025000000000002,
    0.20350000000000001,
    0.19325
   ]
  }
 }
}