{
 "pythia-410m": {
  "base_canary_ce": 1.2677308320999146,
  "before_canary_ce": 0.05361572653055191,
  "before_retained": {
   "news": 3.0786904096603394,
   "wiki": 3.1175744930903115,
   "tweets": 4.252724011739095
  },
  "gated": {
   "steps": 280,
   "canary_ce": 1.2839369773864746,
   "canary_removed_frac": 1.0133481127219484,
   "retained_ce_after": {
    "news": 3.1690467993418374,
    "wiki": 3.2041900555292764,
    "tweets": 4.3528328736623125
   },
   "certificate_kl": {
    "news": 0.10958313941955566,
    "wiki": 0.07839090617622917,
    "tweets": 0.11540573788440134
   },
   "certificate_mean": 0.1011265944933954
  },
  "naive": {
   "steps": 280,
   "canary_ce": 1.3781627416610718,
   "canary_removed_frac": 1.0909567050558768,
   "retained_ce_after": {
    "news": 3.2558100620905557,
    "wiki": 3.288023829460144,
    "tweets": 4.442398866017659
   },
   "certificate_kl": {
    "news": 0.1910701774236724,
    "wiki": 0.13724664440305215,
    "tweets": 0.20414368937334676
   },
   "certificate_mean": 0.17748683706669044
  }
 },
 "pythia-1b": {
  "base_canary_ce": 1.2526047229766846,
  "before_canary_ce": 0.032959435135126114,
  "before_retained": {
   "news": 2.8879780371983848,
   "wiki": 2.968790849049886,
   "tweets": 4.065307219823201
  },
  "gated": {
   "steps": 300,
   "canary_ce": 1.1805155277252197,
   "canary_removed_frac": 0.940893310563235,
   "retained_ce_after": {
    "news": 2.9290020068486533,
    "wiki": 2.997923175493876,
    "tweets": 4.0933917760849
   },
   "certificate_kl": {
    "news": 0.027230095675611122,
    "wiki": 0.026178365147958592,
    "tweets": 0.019774239363632803
   },
   "certificate_mean": 0.024394233395734172
  },
  "naive": {
   "steps": 300,
   "canary_ce": 1.2655646800994873,
   "canary_removed_frac": 1.0106260051606795,
   "retained_ce_after": {
    "news": 2.9694495598475137,
    "wiki": 3.0344714323679605,
    "tweets": 4.124458233515422
   },
   "certificate_kl": {
    "news": 0.046404746573741044,
    "wiki": 0.04210782989742249,
    "tweets": 0.03523280348364762
   },
   "certificate_mean": 0.04124845998493706
  }
 }
}