{
 "pythia-410m": {
  "reference_ce": 3.183862090110779,
  "before": {
   "forget_anchor_ce": 3.1547727584838867,
   "retained_ce": {
    "news": 3.071108341217041,
    "imdb": 3.435769279797872,
    "wiki": 3.1071091492970786,
    "tweets": 4.204962134361267
   }
  },
  "gated": {
   "steps": 400,
   "forget_anchor_ce": 3.1558083295822144,
   "gap_to_reference": 0.028053760528564453,
   "retained_ce_after": {
    "news": 3.0719279050827026,
    "imdb": 3.437283198038737,
    "wiki": 3.106728712717692,
    "tweets": 4.20452618598938
   },
   "certificate_kl": {
    "news": 0.00022197943034134513,
    "wiki": 0.00020446609265691653,
    "tweets": 0.00029187217926767865
   },
   "certificate_mean": 0.00023943923408864675
  },
  "naive": {
   "steps": 400,
   "forget_anchor_ce": 3.155962347984314,
   "gap_to_reference": 0.027899742126464844,
   "retained_ce_after": {
    "news": 3.072650194168091,
    "imdb": 3.4376217126846313,
    "wiki": 3.1072198947270713,
    "tweets": 4.205044746398926
   },
   "certificate_kl": {
    "news": 0.0003037754754264524,
    "wiki": 0.0002471147889755373,
    "tweets": 0.00039249002258843324
   },
   "certificate_mean": 0.0003144600956634743
  }
 },
 "pythia-1b": {
  "reference_ce": 3.04782772064209,
  "before": {
   "forget_anchor_ce": 3.056484580039978,
   "retained_ce": {
    "news": 2.9197020530700684,
    "imdb": 3.351113518079122,
    "wiki": 2.939440647761027,
    "tweets": 4.088298757870992
   }
  },
  "gated": {
   "steps": 20,
   "forget_anchor_ce": 3.0565119981765747,
   "gap_to_reference": -0.008684277534484863,
   "retained_ce_after": {
    "news": 2.9197035233179727,
    "imdb": 3.3511382738749185,
    "wiki": 2.9394110838572183,
    "tweets": 4.088286320368449
   },
   "certificate_kl": {
    "news": 3.125880295814081e-08,
    "wiki": 1.3220013947937432e-08,
    "tweets": 4.938640734859134e-08
   },
   "certificate_mean": 3.128840808488986e-08
  },
  "naive": {
   "steps": 20,
   "forget_anchor_ce": 3.0565061569213867,
   "gap_to_reference": -0.008678436279296875,
   "retained_ce_after": {
    "news": 2.919712861378988,
    "imdb": 3.3511394262313843,
    "wiki": 2.9394247929255166,
    "tweets": 4.08829939365387
   },
   "certificate_kl": {
    "news": 3.87666387530227e-08,
    "wiki": 1.4615637148495793e-08,
    "tweets": 4.974023659445903e-08
   },
   "certificate_mean": 3.43741708319925e-08
  }
 }
}