{
  "split_digits": {
    "n_seeds": 10,
    "acc": {
      "naive": [
        0.9669045191980972,
        0.9816507583480061,
        0.93946560405276,
        0.9705906156364872,
        0.9449201495073055,
        0.9761464800914341,
        0.9192144688474965,
        0.9559290149198405,
        0.970607605103018,
        0.9614678899082569
      ],
      "ewc": [
        0.9797309486300312,
        0.9852698236184475,
        0.9871046860037685,
        0.9686708059185124,
        0.9834519506996571,
        0.9778624162110401,
        0.9687387637846353,
        0.9797482469959533,
        0.9705229666697557,
        0.9779303740771631
      ],
      "ogd": [
        0.9741757019738673,
        0.9907914002409415,
        0.9797646186637012,
        0.9742090631081457,
        0.9944614339109753,
        0.9852358446853862,
        0.9686541253513731,
        0.9907407407407408,
        0.9630815803292867,
        0.9815831093812747
      ],
      "replay": [
        0.9889228678219505,
        0.9871216754702994,
        0.976129181725512,
        0.9779130757112409,
        0.9816173972137274,
        0.988990516788682,
        0.9595647607574215,
        0.979782225929015,
        0.9779133846106323,
        0.95225959904859
      ],
      "igfa": [
        0.9741757019738673,
        0.9907914002409415,
        0.9797646186637012,
        0.9742090631081457,
        0.9944614339109753,
        0.9852358446853862,
        0.9686541253513731,
        0.9907407407407408,
        0.9630815803292867,
        0.9815831093812747
      ]
    },
    "forget": {
      "naive": [
        0.02527105921601333,
        0.016034195162635517,
        0.06876563803169305,
        0.020600500417014167,
        0.061926605504587146,
        0.020642201834862373,
        0.08484153461217683,
        0.04357798165137616,
        0.018327773144286907,
        0.036718098415346095
      ],
      "ewc": [
        -0.011447039199332765,
        0.0022935779816513624,
        0.0022935779816513624,
        0.006880733944954087,
        0.009174311926605505,
        0.0022935779816513624,
        0.020642201834862373,
        0.004608006672226828,
        0.004608006672226828,
        0.004587155963302725
      ],
      "ogd": [
        0.0022935779816513624,
        -0.0022727272727272874,
        0.00456630525437865,
        0.00456630525437865,
        -0.00229357798165139,
        0.0,
        0.011467889908256867,
        -0.0022727272727272596,
        0.006859883236030012,
        0.0023144286905754374
      ],
      "replay": [
        -0.002251876563803157,
        0.006880733944954115,
        0.020621351125938298,
        0.009132610508757272,
        0.01605504587155962,
        0.0045871559633027525,
        0.03213094245204337,
        0.013761467889908258,
        0.006880733944954143,
        0.04359883236030024
      ],
      "igfa": [
        0.0022935779816513624,
        -0.0022727272727272874,
        0.00456630525437865,
        0.00456630525437865,
        -0.00229357798165139,
        0.0,
        0.011467889908256867,
        -0.0022727272727272596,
        0.006859883236030012,
        0.0023144286905754374
      ]
    },
    "acc_mean_ci": {
      "naive": [
        0.9586897105612702,
        0.01373100382994369
      ],
      "ewc": [
        0.9779030982608964,
        0.004770013004678857
      ],
      "ogd": [
        0.9802697618385692,
        0.007359713892257946
      ],
      "replay": [
        0.977021468507707,
        0.008715532509064261
      ],
      "igfa": [
        0.9802697618385692,
        0.007359713892257946
      ]
    },
    "forget_mean_ci": {
      "naive": [
        0.03967055879899915,
        0.017447052493472517
      ],
      "ewc": [
        0.004593411175979967,
        0.005627395467118128
      ],
      "ogd": [
        0.0025229357798165044,
        0.0032242145592927826
      ],
      "replay": [
        0.01513969974979149,
        0.009882804314067111
      ],
      "igfa": [
        0.0025229357798165044,
        0.0032242145592927826
      ]
    },
    "p_igfa_vs_ogd_acc": 1.0,
    "p_igfa_vs_ogd_forget": 1.0,
    "best_baseline": "ogd",
    "p_igfa_vs_best_acc": 1.0
  },
  "rotated_digits": {
    "n_seeds": 5,
    "acc": {
      "naive": [
        0.6944444444444444,
        0.74,
        0.7274074074074075,
        0.7122222222222222,
        0.6962962962962963
      ],
      "ewc": [
        0.6811111111111112,
        0.7788888888888889,
        0.757037037037037,
        0.7040740740740741,
        0.7144444444444444
      ],
      "ogd": [
        0.667037037037037,
        0.7048148148148148,
        0.7077777777777778,
        0.6974074074074074,
        0.6425925925925926
      ],
      "replay": [
        0.787037037037037,
        0.8111111111111111,
        0.7988888888888889,
        0.7896296296296296,
        0.7907407407407407
      ],
      "igfa": [
        0.7577777777777778,
        0.8022222222222222,
        0.7848148148148149,
        0.7714814814814815,
        0.74
      ]
    },
    "forget": {
      "naive": [
        0.18148148148148147,
        0.15833333333333335,
        0.16249999999999998,
        0.1611111111111111,
        0.15277777777777782
      ],
      "ewc": [
        0.08888888888888888,
        0.011574074074074098,
        0.03287037037037038,
        0.06481481481481483,
        0.025925925925925936
      ],
      "ogd": [
        -0.0069444444444444475,
        -0.001388888888888884,
        -0.009259259259259245,
        -0.006944444444444475,
        -0.009722222222222188
      ],
      "replay": [
        0.048148148148148134,
        0.0509259259259259,
        0.04398148148148148,
        0.04583333333333334,
        0.022222222222222254
      ],
      "igfa": [
        -0.008796296296296302,
        -0.018518518518518517,
        0.030092592592592587,
        0.0199074074074074,
        -0.01203703703703704
      ]
    },
    "acc_mean_ci": {
      "naive": [
        0.714074074074074,
        0.024479465637148378
      ],
      "ewc": [
        0.727111111111111,
        0.049603073558220086
      ],
      "ogd": [
        0.6839259259259259,
        0.03501341595779525
      ],
      "replay": [
        0.7954814814814815,
        0.012164555994040923
      ],
      "igfa": [
        0.7712592592592593,
        0.029783111685006875
      ]
    },
    "forget_mean_ci": {
      "naive": [
        0.16324074074074074,
        0.01347884582102797
      ],
      "ewc": [
        0.04481481481481482,
        0.03900352379874069
      ],
      "ogd": [
        -0.006851851851851848,
        0.004113252007700425
      ],
      "replay": [
        0.042222222222222223,
        0.014252201190922228
      ],
      "igfa": [
        0.002129629629629626,
        0.0266624974230226
      ]
    },
    "p_igfa_vs_ogd_acc": 6.218441559213484e-05,
    "p_igfa_vs_ogd_forget": 0.4370276334007781,
    "best_baseline": "replay",
    "p_igfa_vs_best_acc": 0.031057328723565862
  }
}